sku,name,brand,category,price,list_price,available,image_url,product_url,store,description,scraped_at
3362981,Producto Lácteo Combinado Nutri Deslactosada 1L,Nutri,lacteos,22.0,25.0,True,https://chedrauimx.vteximg.com.br/arquivos/ids/58689957/7501020544398_00.jpg?v=638990891350500000,https://www.chedraui.com.mxhttps://www.chedraui.com.mx/producto-lacteo-combinado-nutri-deslactosada-1l-3362981/p,Chedraui,"Nutri Deslactosada adicionada con vitaminas para toda la familia
<div><br><b>Las imágenes del producto son únicamente de referencia, el diseño de etiquetas y el contenido (ml, L, Kg, g, piezas, etc) pueden cambiar y/o variar sin previo aviso.</b></div>",2025-11-18T16:18:32.374463
3790608,Crema Santa Clara Ácida Regular 420ml,Santa Clara,lacteos,45.0,45.0,True,https://chedrauimx.vteximg.com.br/arquivos/ids/57843881/7501055380541_00.jpg?v=638979567588800000,https://www.chedraui.com.mxhttps://www.chedraui.com.mx/crema-santa-clara-acida-regular-420ml-3790608/p,Chedraui,"Crema acidificada, consistencia regular.
<div><br><b>*Las imágenes del producto son únicamente de referencia, el diseños de etiquetas y el contenido (ml, L, Kg, g, piezas, etc) pueden cambiar y/o variar sin previo aviso.</b></div>",2025-11-18T16:18:32.374474
3698203,Crema ácida Santa Clara 420ml,Santa Clara,lacteos,50.5,50.5,True,https://chedrauimx.vteximg.com.br/arquivos/ids/57658690/7501055374571_00.jpg?v=638978816707500000,https://www.chedraui.com.mxhttps://www.chedraui.com.mx/crema-acida-santa-clara-420ml-3698203/p,Chedraui,"Crema Santa Clara Acida Premium 420 ml
<div><br><b>*Las imágenes del producto son únicamente de referencia, el diseños de etiquetas y el contenido (ml, L, Kg, g, piezas, etc) pueden cambiar y/o variar sin previo aviso.</b></div>",2025-11-18T16:18:32.374479
3685448,Crema Ácida Fage de 454g,FAGE,lacteos,96.0,96.0,True,https://chedrauimx.vteximg.com.br/arquivos/ids/57660935/689544086017_00.jpg?v=638978822405630000,https://www.chedraui.com.mxhttps://www.chedraui.com.mx/crema-acida-fage-de-454g-3685448/p,Chedraui,"Crema Ácida Fage 454g
<div><br><b>*Las imágenes del producto son únicamente de referencia, el diseños de etiquetas y el contenido (ml, L, Kg, g, piezas, etc) pueden cambiar y/o variar sin previo aviso.</b></div>",2025-11-18T16:18:32.374481
3564395,Crema Ácida Premium Santa Clara 800ml,Santa Clara,lacteos,92.0,92.0,True,https://chedrauimx.vteximg.com.br/arquivos/ids/57836791/7501055363353_00.jpg?v=638979551832770000,https://www.chedraui.com.mxhttps://www.chedraui.com.mx/crema-acida-premium-santa-clara-800ml-3564395/p,Chedraui,"Crema premium acidificada Santa Clara 800g Bote PP
<div><br><b>*Las imágenes del producto son únicamente de referencia, el diseños de etiquetas y el contenido (ml, L, Kg, g, piezas, etc) pueden cambiar y/o variar sin previo aviso.</b></div>",2025-11-18T16:18:32.374484
3790620,Crema Santa Clara Reducida Grasa 420ml,Santa Clara,lacteos,43.5,43.5,True,https://chedrauimx.vteximg.com.br/arquivos/ids/57843884/7501055380596_00.jpg?v=638979567595070000,https://www.chedraui.com.mxhttps://www.chedraui.com.mx/crema-santa-clara-reducida-grasa-420ml-3790620/p,Chedraui,"Crema reducida en grasa.
<div><br><b>*Las imágenes del producto son únicamente de referencia, el diseños de etiquetas y el contenido (ml, L, Kg, g, piezas, etc) pueden cambiar y/o variar sin previo aviso.</b></div>",2025-11-18T16:18:32.374486
3790609,Crema Santa Clara Reducida Grasa 225ml,Santa Clara,lacteos,23.0,23.0,True,https://chedrauimx.vteximg.com.br/arquivos/ids/58051943/7501055380572_00.jpg?v=638980723217200000,https://www.chedraui.com.mxhttps://www.chedraui.com.mx/crema-santa-clara-reducida-grasa-225ml-3790609/p,Chedraui,"Crema reducida en grasa.
<div><br><b>*Las imágenes del producto son únicamente de referencia, el diseños de etiquetas y el contenido (ml, L, Kg, g, piezas, etc) pueden cambiar y/o variar sin previo aviso.</b></div>",2025-11-18T16:18:32.374489
3242148,Crema Ácida Premium Santa Clara 225g,Santa Clara,lacteos,27.0,27.0,True,https://chedrauimx.vteximg.com.br/arquivos/ids/58197201/7501295650145_00.jpg?v=638983240743330000,https://www.chedraui.com.mxhttps://www.chedraui.com.mx/crema-acida-premium-santa-clara-225g-3242148/p,Chedraui,"Crema premium acidificada Santa Clara 225g Bote PP
<div><br><b>*Las imágenes del producto son únicamente de referencia, el diseños de etiquetas y el contenido (ml, L, Kg, g, piezas, etc) pueden cambiar y/o variar sin previo aviso.</b></div>",2025-11-18T16:18:32.374491
3790607,Crema Santa Clara Ácida Regular 225ml,Santa Clara,lacteos,23.0,23.0,True,https://chedrauimx.vteximg.com.br/arquivos/ids/57843887/7501055380527_00.jpg?v=638979567600400000,https://www.chedraui.com.mxhttps://www.chedraui.com.mx/crema-santa-clara-acida-regular-225ml-3790607/p,Chedraui,"Crema acidificada, consistencia regular. 
<div><br><b>*Las imágenes del producto son únicamente de referencia, el diseños de etiquetas y el contenido (ml, L, Kg, g, piezas, etc) pueden cambiar y/o variar sin previo aviso.</b></div>",2025-11-18T16:18:32.374493
3019449,Producto Lácteo combinado ultra pasteurizado Forti Plus Regular 1L,Fortileche,lacteos,22.5,22.5,True,https://chedrauimx.vteximg.com.br/arquivos/ids/58189362/7501055902378_00.jpg?v=638983222972070000,https://www.chedraui.com.mxhttps://www.chedraui.com.mx/producto-lacteo-combinado-ultra-pasteurizado-forti-plus-regular-1l-3019449/p,Chedraui,"Producto Lácteo ideal para toda la familia y el desarrollo de los niños. Contiene vitaminas y nutrientes como hierro, acido fólico, vitaminas A, B, D que ayudan al desarrollo y crecimiento de los niños. Fuente de proteína y calcio.
<div><br><b>Las imágenes del producto son únicamente de referencia, el diseños de etiquetas y el contenido (ml, L, Kg, g, piezas, etc) pueden cambiar y/o variar sin previo aviso.</b></div>",2025-11-18T16:18:32.374497
3014934,Crema Acida Entera León 450g,Leche León,lacteos,31.0,33.0,True,https://chedrauimx.vteximg.com.br/arquivos/ids/57732811/7501161500062_00.jpg?v=638979008335300000,https://www.chedraui.com.mxhttps://www.chedraui.com.mx/crema-acida-entera-leon-450g-3014934/p,Chedraui,"Crema Acida Entera León 450g
<div><br><b>*Las imágenes del producto son únicamente de referencia, el diseños de etiquetas y el contenido (ml, L, Kg, g, piezas, etc) pueden cambiar y/o variar sin previo aviso.</b></div>",2025-11-18T16:18:32.374499
3014871,Crema Ácida San Marcos 400g,San Marcos,lacteos,32.0,38.0,True,https://chedrauimx.vteximg.com.br/arquivos/ids/57732813/7501158414297_00.jpg?v=638979008347970000,https://www.chedraui.com.mxhttps://www.chedraui.com.mx/crema-acida-san-marcos-400g-3014871/p,Chedraui,"Crema Ácida San Marcos 400g
<div><br><b>*Las imágenes del producto son únicamente de referencia, el diseños de etiquetas y el contenido (ml, L, Kg, g, piezas, etc) pueden cambiar y/o variar sin previo aviso.</b></div>",2025-11-18T16:18:32.374502
3014436,Crema Sello Rojo Acida 450g,Sello Rojo,lacteos,38.0,41.0,True,https://chedrauimx.vteximg.com.br/arquivos/ids/57969865/7501209709891_00.jpg?v=638980563020530000,https://www.chedraui.com.mxhttps://www.chedraui.com.mx/crema-sello-rojo-acida-450g-3014436/p,Chedraui,"Crema Sello Rojo Acida 450g
<div><br><b>*Las imágenes del producto son únicamente de referencia, el diseños de etiquetas y el contenido (ml, L, Kg, g, piezas, etc) pueden cambiar y/o variar sin previo aviso.</b></div>",2025-11-18T16:18:32.374504
3013807,Crema Lyncott Reducida Grasa 400g,Lyncott,lacteos,44.0,44.0,True,https://chedrauimx.vteximg.com.br/arquivos/ids/57547237/7501092102045_00.jpg?v=638977974938270000,https://www.chedraui.com.mxhttps://www.chedraui.com.mx/crema-lyncott-reducida-grasa-400g-3013807/p,Chedraui,"Crema Lyncott Reducida Grasa 400g
<div><br><b>*Las imágenes del producto son únicamente de referencia, el diseños de etiquetas y el contenido (ml, L, Kg, g, piezas, etc) pueden cambiar y/o variar sin previo aviso.</b></div>",2025-11-18T16:18:32.374506
3786036,Crema Pradel Entera Natural 200g,Pradel,lacteos,21.0,21.0,True,https://chedrauimx.vteximg.com.br/arquivos/ids/57774488/7503005126926_00.jpg?v=638979108464370000,https://www.chedraui.com.mxhttps://www.chedraui.com.mx/crema-pradel-entera-natural-200g-3786036/p,Chedraui,"Crema pasteurizada de leche de vaca.
<div><br><b>*Las imágenes del producto son únicamente de referencia, el diseños de etiquetas y el contenido (ml, L, Kg, g, piezas, etc) pueden cambiar y/o variar sin previo aviso.</b></div>",2025-11-18T16:18:32.374511
3717751,Crema Querétaro Entera Acidifica Pasteurizada 900g,Querétaro,lacteos,66.5,66.5,True,https://chedrauimx.vteximg.com.br/arquivos/ids/58691858/7501300800251_00.jpg?v=638990896030600000,https://www.chedraui.com.mxhttps://www.chedraui.com.mx/crema-queretaro-entera-acidifica-pasteurizada-900g-3717751/p,Chedraui,"Crema Querétaro Entera Acidifica Pasteurizada 900g
<div><br><b>*Las imágenes del producto son únicamente de referencia, el diseños de etiquetas y el contenido (ml, L, Kg, g, piezas, etc) pueden cambiar y/o variar sin previo aviso.</b></div>",2025-11-18T16:18:32.374513
3717750,Crema Querétaro Entera Acidifica Pasteurizada 450g,Querétaro,lacteos,31.0,31.0,True,https://chedrauimx.vteximg.com.br/arquivos/ids/58691843/7501300800244_00.jpg?v=638990895996970000,https://www.chedraui.com.mxhttps://www.chedraui.com.mx/crema-queretaro-entera-acidifica-pasteurizada-450g-3717750/p,Chedraui,"Crema Querétaro Entera Acidifica Pasteurizada 450g
<div><br><b>*Las imágenes del producto son únicamente de referencia, el diseños de etiquetas y el contenido (ml, L, Kg, g, piezas, etc) pueden cambiar y/o variar sin previo aviso.</b></div>",2025-11-18T16:18:32.374515
3882151,Suplemento Alimenticio EnzyNew 30 Cápsulas,Otras Marcas,lacteos,199.0,199.0,True,https://chedrauimx.vteximg.com.br/arquivos/ids/57854460/7501723533002_00.jpg?v=638979588501000000,https://www.chedraui.com.mxhttps://www.chedraui.com.mx/suplemento-alimenticio-enzynew-30-capsulas-3882151/p,Chedraui,"Suplemento Alimenticio EnzyNew 30 Cápsulas.<div><br><b>Las imágenes del producto son únicamente de referencia, el diseño de etiquetas y el contenido (ml, L, Kg, g, piezas, etc) pueden cambiar y/o variar sin previo aviso.</b></div>",2025-11-18T16:18:32.374518
3877564,Suplemento Alimenticio Birdman Myo & D-Chiro Inositol 90 Cápsulas,Birdman,lacteos,439.0,439.0,True,https://chedrauimx.vteximg.com.br/arquivos/ids/58269688/7503038209108_00.jpg?v=638983392963800000,https://www.chedraui.com.mxhttps://www.chedraui.com.mx/suplemento-alimenticio-birdman-myo--d-chiro-inositol-90-capsulas-3877564/p,Chedraui,"Suplemento Alimenticio Birdman Myo & D-Chiro Inositol 90 Cápsulas.<div><br><b>Las imágenes del producto son únicamente de referencia, el diseño de etiquetas y el contenido (ml, L, Kg, g, piezas, etc) pueden cambiar y/o variar sin previo aviso.</b></div>",2025-11-18T16:18:32.374520
3877561,Suplemento Alimenticio Birdman Berberina HCL Inulina de Agave 90 Cápsulas,Birdman,lacteos,539.0,539.0,True,https://chedrauimx.vteximg.com.br/arquivos/ids/58269700/7503038209412_00.jpg?v=638983392995130000,https://www.chedraui.com.mxhttps://www.chedraui.com.mx/suplemento-alimenticio-birdman-berberina-hcl-inulina-de-agave-90-capsulas-3877561/p,Chedraui,"Suplemento Alimenticio Birdman Berberina HCL Inulina de Agave 90 Cápsulas 54g.<div><br><b>Las imágenes del producto son únicamente de referencia, el diseño de etiquetas y el contenido (ml, L, Kg, g, piezas, etc) pueden cambiar y/o variar sin previo aviso.</b></div>",2025-11-18T16:18:32.374523
3877554,Suplemento Alimenticio Birdman Resveratrol 45 Cápsulas,Birdman,lacteos,429.0,429.0,True,https://chedrauimx.vteximg.com.br/arquivos/ids/58269674/7503038209887_00.jpg?v=638983392930130000,https://www.chedraui.com.mxhttps://www.chedraui.com.mx/suplemento-alimenticio-birdman-resveratrol-45-capsulas-3877554/p,Chedraui,"Suplemento Alimenticio Birdman Resveratrol 45 Cápsulas.<div><br><b>Las imágenes del producto son únicamente de referencia, el diseño de etiquetas y el contenido (ml, L, Kg, g, piezas, etc) pueden cambiar y/o variar sin previo aviso.</b></div>",2025-11-18T16:18:32.374527
3734664,Crema León Entera 900g,Leon,lacteos,68.0,68.0,True,https://chedrauimx.vteximg.com.br/arquivos/ids/57841817/7501161500031_00.jpg?v=638979563412230000,https://www.chedraui.com.mxhttps://www.chedraui.com.mx/crema-leon-entera-900g-3734664/p,Chedraui,"Crema Leon Entera 900 g
<div><br><b>*Las imágenes del producto son únicamente de referencia, el diseños de etiquetas y el contenido (ml, L, Kg, g, piezas, etc) pueden cambiar y/o variar sin previo aviso.</b></div>",2025-11-18T16:18:32.374529
3734663,Crema León Entera 200g,Leon,lacteos,19.0,19.0,True,https://chedrauimx.vteximg.com.br/arquivos/ids/57841818/7501161500017_00.jpg?v=638979563416700000,https://www.chedraui.com.mxhttps://www.chedraui.com.mx/crema-leon-entera-200g-3734663/p,Chedraui,"Crema Leon Entera 200 g
<div><br><b>*Las imágenes del producto son únicamente de referencia, el diseños de etiquetas y el contenido (ml, L, Kg, g, piezas, etc) pueden cambiar y/o variar sin previo aviso.</b></div>",2025-11-18T16:18:32.374531
3717749,Crema Querétaro Entera Acidifica Pasteurizada 200g,Querétaro,lacteos,19.0,19.0,True,https://chedrauimx.vteximg.com.br/arquivos/ids/58691842/7501300800237_00.jpg?v=638990895993370000,https://www.chedraui.com.mxhttps://www.chedraui.com.mx/crema-queretaro-entera-acidifica-pasteurizada-200g-3717749/p,Chedraui,"Crema Querétaro Entera Acidifica Pasteurizada 200g
<div><br><b>*Las imágenes del producto son únicamente de referencia, el diseños de etiquetas y el contenido (ml, L, Kg, g, piezas, etc) pueden cambiar y/o variar sin previo aviso.</b></div>",2025-11-18T16:18:32.374534
3617556,Crema Acida Light León 450g,Leche León,lacteos,35.0,35.0,True,https://chedrauimx.vteximg.com.br/arquivos/ids/57717991/7501161500024_00.jpg?v=638978969741670000,https://www.chedraui.com.mxhttps://www.chedraui.com.mx/crema-acida-light-leon-450g-3617556/p,Chedraui,"Crema Acida Light León 450g
<div><br><b>*Las imágenes del producto son únicamente de referencia, el diseños de etiquetas y el contenido (ml, L, Kg, g, piezas, etc) pueden cambiar y/o variar sin previo aviso.</b></div>",2025-11-18T16:18:32.374536
3526838,Crema Marsella Pasteurizada 450ml,Marsella,lacteos,31.0,31.0,True,https://chedrauimx.vteximg.com.br/arquivos/ids/57717971/7503008591660_00.jpg?v=638978969680730000,https://www.chedraui.com.mxhttps://www.chedraui.com.mx/crema-marsella-pasteurizada-450ml-3526838/p,Chedraui,"Crema Pasteurizada Marsella Pet 450ml
<div><br><b>*Las imágenes del producto son únicamente de referencia, el diseños de etiquetas y el contenido (ml, L, Kg, g, piezas, etc) pueden cambiar y/o variar sin previo aviso.</b></div>",2025-11-18T16:18:32.374539
3341677,Crema Acidificada Natural 200ml,Marsella,lacteos,16.0,16.0,True,https://chedrauimx.vteximg.com.br/arquivos/ids/57717927/7503008591295_00.jpg?v=638978969530300000,https://www.chedraui.com.mxhttps://www.chedraui.com.mx/crema-acidificada-natural-200ml-3341677/p,Chedraui,"Crema Acidificada Natural Marsella 200ml
<div><br><b>*Las imágenes del producto son únicamente de referencia, el diseños de etiquetas y el contenido (ml, L, Kg, g, piezas, etc) pueden cambiar y/o variar sin previo aviso.</b></div>",2025-11-18T16:18:32.374542
3341671,Crema Acidificada Natural 450ml,Marsella,lacteos,32.0,32.0,True,https://chedrauimx.vteximg.com.br/arquivos/ids/57717925/7503008591301_00.jpg?v=638978969522700000,https://www.chedraui.com.mxhttps://www.chedraui.com.mx/crema-acidificada-natural-450ml-3341671/p,Chedraui,"Crema Acidificada Natural Marsella 450ml
<div><br><b>*Las imágenes del producto son únicamente de referencia, el diseños de etiquetas y el contenido (ml, L, Kg, g, piezas, etc) pueden cambiar y/o variar sin previo aviso.</b></div>",2025-11-18T16:18:32.374545
3337710,Crema Sello Rojo Acidificada Natural 900g,Sello Rojo,lacteos,83.0,83.0,True,https://chedrauimx.vteximg.com.br/arquivos/ids/57838351/7501209708153_00.jpg?v=638979555050130000,https://www.chedraui.com.mxhttps://www.chedraui.com.mx/crema-sello-rojo-acidificada-natural-900g-3337710/p,Chedraui,"Crema Sello Rojo Acidificada Natural 900g
<div><br><b>*Las imágenes del producto son únicamente de referencia, el diseños de etiquetas y el contenido (ml, L, Kg, g, piezas, etc) pueden cambiar y/o variar sin previo aviso.</b></div>",2025-11-18T16:18:32.374547
3014867,Crema Ácida San Marcos 200g,San Marcos,lacteos,20.0,20.0,True,https://chedrauimx.vteximg.com.br/arquivos/ids/57733530/7501158414303_00.jpg?v=638979010462500000,https://www.chedraui.com.mxhttps://www.chedraui.com.mx/crema-acida-san-marcos-200g-3014867/p,Chedraui,"Crema pasteurizada de leche de vaca.
<div><br><b>*Las imágenes del producto son únicamente de referencia, el diseños de etiquetas y el contenido (ml, L, Kg, g, piezas, etc) pueden cambiar y/o variar sin previo aviso.</b></div>",2025-11-18T16:18:32.374550
3014439,Crema Sello Rojo Acida 200g,Sello Rojo,lacteos,23.0,23.0,True,https://chedrauimx.vteximg.com.br/arquivos/ids/57969862/7501209709877_00.jpg?v=638980563020370000,https://www.chedraui.com.mxhttps://www.chedraui.com.mx/crema-sello-rojo-acida-200g-3014439/p,Chedraui,"Crema Sello Rojo Acida 200g
<div><br><b>*Las imágenes del producto son únicamente de referencia, el diseños de etiquetas y el contenido (ml, L, Kg, g, piezas, etc) pueden cambiar y/o variar sin previo aviso.</b></div>",2025-11-18T16:18:32.374553
3014286,Crema Pradel Entera Natural 246g,Pradel,lacteos,93.5,93.5,True,https://chedrauimx.vteximg.com.br/arquivos/ids/57714269/7503005126131_00.jpg?v=638978959502570000,https://www.chedraui.com.mxhttps://www.chedraui.com.mx/crema-pradel-entera-natural-246g-3014286/p,Chedraui,"Crema Pradel Entera Natural 246g
<div><br><b>*Las imágenes del producto son únicamente de referencia, el diseños de etiquetas y el contenido (ml, L, Kg, g, piezas, etc) pueden cambiar y/o variar sin previo aviso.</b></div>",2025-11-18T16:18:32.374555
3885770,Despensa Regalo 21 Artículos,Otras Marcas,despensa,315.0,315.0,True,https://chedrauimx.vteximg.com.br/arquivos/ids/58726488/94331997900_00.jpg?v=638990977707830000,https://www.chedraui.com.mxhttps://www.chedraui.com.mx/despensa-regalo-21-articulos-3885770/p,Chedraui,Despensa Regalo 21 Artículos,2025-11-18T16:18:36.462236
3885771,Despensa Regalo 15 Artículos,Otras Marcas,despensa,210.0,210.0,True,https://chedrauimx.vteximg.com.br/arquivos/ids/58726490/94331997917_00.jpg?v=638990977711730000,https://www.chedraui.com.mxhttps://www.chedraui.com.mx/despensa-regalo-15-articulos-3885771/p,Chedraui,Despensa Regalo 15 Artículos,2025-11-18T16:18:36.462246
6023418,Carrito Organizador Multiusos de 5 Niveles con Ruedas 360° para Cocina,Bossa,despensa,1199.0,2999.0,True,https://chedrauimx.vteximg.com.br/arquivos/ids/54902845/moboss3864718561220015_01.jpg?v=638938977578130000,https://www.chedraui.com.mxhttps://www.chedraui.com.mx/carrito-organizador-multiusos-de-5-niveles-con-ruedas-360-para-cocina-6023418/p,Chedraui,"Carrito organizador de 5 niveles con ruedas 360° y canastas giratorias para un almacenamiento práctico. Su estructura metálica ventilada es ideal para frutas, despensa o artículos del hogar.",2025-11-18T16:18:36.462249
6021387,Armario de Cocina Completa 330cm Branco Rustic Olimpia Madesa 02,Madesa,despensa,32999.0,50799.0,True,https://chedrauimx.vteximg.com.br/arquivos/ids/50404089/madesa0067891760824196_00.jpg?v=638866472121630000,https://www.chedraui.com.mxhttps://www.chedraui.com.mx/armario-de-cocina-completa-330cm-branco-rustic-olimpia-madesa-02-6021387/p,Chedraui,"Cocina Integral Planificada Olimpia Glamy de Madesa, está fabricada con cajones con guías telescópicas, puertas con amortiguador para un cierre suave y tiradores son de aluminio. Estos elementos de calidad superior confieren durabilidad y mayor vida útil al mueble. Medidas: 225 cm de alto, 330 cm de ancho y una profundidad de 52 cm en los módulos bajos, el mueble para horno y la despensa de 3 puertas, y 31 cm en las gabinetes superiores.",2025-11-18T16:18:36.462251
6021331,Armario de Cocina Completa 330cm Branco Olimpia Madesa 02,Madesa,despensa,32999.0,50799.0,True,https://chedrauimx.vteximg.com.br/arquivos/ids/50403451/madesa0067891760824219_00.jpg?v=638866471344600000,https://www.chedraui.com.mxhttps://www.chedraui.com.mx/armario-de-cocina-completa-330cm-branco-olimpia-madesa-02-6021331/p,Chedraui,"Cocina Integral Planificada Olimpia Glamy de Madesa, está fabricada con cajones con guías telescópicas, puertas con amortiguador para un cierre suave y tiradores son de aluminio. Estos elementos de calidad superior confieren durabilidad y mayor vida útil al mueble. Medidas: 225 cm de alto, 330 cm de ancho y una profundidad de 52 cm en los gabinetes bajos, el mueble para horno y la despensa de 3 puertas, y 31 cm en los gabinetes superiores.",2025-11-18T16:18:36.462254
6021046,Armario de Cocina Completa de Canto 293cm Rustic Emilly Line Madesa 06,Madesa,despensa,12499.0,19299.0,True,https://chedrauimx.vteximg.com.br/arquivos/ids/50402103/madesa0067891760850683_00.jpg?v=638866468038070000,https://www.chedraui.com.mxhttps://www.chedraui.com.mx/armario-de-cocina-completa-de-canto-293cm-rustic-emilly-line-madesa-06-6021046/p,Chedraui,"Esta es la Cocina de Esquina Recta Emilly de Madesa. Cuenta con dos Gabinete Bajo, dos gabinetes superiores, una botellero anexa y un armario tipo despensa, todo separado, por lo que el montaje puede realizarse según las necesidades de su entorno. Además, la distribución de los espacios es ideal para organizar utensilios, vajilla y electrodomésticos.",2025-11-18T16:18:36.462256
6021009,Paneleiro Madesa Glamy 60 cm 3 Puertas Rustic Preto,Madesa,despensa,6899.0,10699.0,True,https://chedrauimx.vteximg.com.br/arquivos/ids/50401905/madesa0067891760851161_00.jpg?v=638866467527900000,https://www.chedraui.com.mxhttps://www.chedraui.com.mx/paneleiro-madesa-glamy-60-cm-3-puertas-rustic-preto-6021009/p,Chedraui,"El mueble despensa Madesa Glamy de 60 cm es una excelente elección. Desarrollado con materiales de alta calidad y Pintura Poliéster con 7 capas protectoras, ofrece mayor resistencia y durabilidad. Tiene altura de mueble planificado, con 225 cm de alto y tres puertas con tiradores de aluminio y bisagras metálicas con amortiguación, que garantizan un cierre suave.",2025-11-18T16:18:36.462258
6021008,Paneleiro Madesa Glamy 60 cm 3 Puertas Branco Preto,Madesa,despensa,7999.0,12399.0,True,https://chedrauimx.vteximg.com.br/arquivos/ids/50401898/madesa0067891760851369_00.jpg?v=638866467511800000,https://www.chedraui.com.mxhttps://www.chedraui.com.mx/paneleiro-madesa-glamy-60-cm-3-puertas-branco-preto-6021008/p,Chedraui,"El Despensa Madesa Glamy de 60 cm es una excelente elección. Desarrollado con materiales de alta calidad y Pintura Poliéster con 7 capas protectoras que aumentan la resistencia y durabilidad del mueble. Tiene altura de mueble planificado, con 225 cm de alto y tres puertas con tiradores de aluminio y bisagras metálicas con amortiguación para un cierre suave.",2025-11-18T16:18:36.462261
6019253,Mueble de Cocina Armario Despensa Abierta Madesa 5 Nichos,Madesa,despensa,5099.0,7899.0,True,https://chedrauimx.vteximg.com.br/arquivos/ids/48762820/madesa0067891760920461_00.jpg?v=638836290144600000,https://www.chedraui.com.mxhttps://www.chedraui.com.mx/mueble-de-cocina-armario-despensa-abierta-madesa-5-nichos-6019253/p,Chedraui,"Despensero Madesa 60 cm. Medidas: 225 cm alto, 60 cm ancho, 50 cm fondo. Incluye cinco nichos abiertos y cuatro estantes para organización. Pies ajustables y zócalo removible. Acabado marrón en Pintura Poliéster ecológica para mayor durabilidad.",2025-11-18T16:18:36.462263
6019107,Cocina Integral Completa Modular Madesa 325cm Emilly Wave 04 Marron,Madesa,despensa,13499.0,20799.0,True,https://chedrauimx.vteximg.com.br/arquivos/ids/48762198/madesa0067891760850706_00.jpg?v=638836287845770000,https://www.chedraui.com.mxhttps://www.chedraui.com.mx/cocina-integral-completa-modular-madesa-325cm-emilly-wave-04-marron-6019107/p,Chedraui,"La cocina de esquina Emilly Wave de Madesa está fabricada con elementos de primera calidad, como tiradores con detalles de aluminio y resistentes guías y bisagras metálicas. Incluye tres Gabinete Bajo, tres gabinetes superiores, una vinoteca anexa y un armario tipo despensa, todo ello con un aprovechamiento óptimo del espacio.",2025-11-18T16:18:36.462265
6018638,Despensero de Cocina Madesa Glamy 3 Puertas BB Blanco,Madesa,despensa,8299.0,12799.0,True,https://chedrauimx.vteximg.com.br/arquivos/ids/48760892/madesa0067891760802842_00.jpg?v=638836283292600000,https://www.chedraui.com.mxhttps://www.chedraui.com.mx/despensero-de-cocina-madesa-glamy-3-puertas-bb-blanco-6018638/p,Chedraui,"Despensero Glamy Madesa 60 cm. Dimensiones: 225 cm de alto, 60 cm de ancho, 52 cm de fondo. Con tres puertas y cuatro estantes internos para organización. Tiradores de aluminio, patas ajustables, acabado en Pintura Poliéster.",2025-11-18T16:18:36.462268
6018637,Mueble de Despensa Abierto Madesa 60cm con nichos para cocina,Madesa,despensa,5099.0,7899.0,True,https://chedrauimx.vteximg.com.br/arquivos/ids/48760888/madesa0067891760920447_00.jpg?v=638836283273670000,https://www.chedraui.com.mxhttps://www.chedraui.com.mx/mueble-de-despensa-abierto-madesa-60cm-con-nichos-para-cocina-6018637/p,Chedraui,"Despensero Madesa 60 cm. Medidas: 225 cm alto, 60 cm ancho, 50 cm fondo. Incluye cinco nichos abiertos y cuatro estantes para organización. Patas ajustables y zócalo removible. Acabado en Pintura Poliéster ecológica para mayor durabilidad.",2025-11-18T16:18:36.462270
6017984,Cocina Madesa sin Lavadero Emilly Marrón 229cm,Madesa,despensa,4999.0,7699.0,True,https://chedrauimx.vteximg.com.br/arquivos/ids/48757099/madesa0067891760817365_00.jpg?v=638836269495330000,https://www.chedraui.com.mxhttps://www.chedraui.com.mx/cocina-madesa-sin-lavadero-emilly-marron-229cm-6017984/p,Chedraui,"Cocina Integral Emily Top Madesa: compacta, tonos amaderado/blanco, estilo americano. Acabado en poliéster de alta resistencia. Medidas: 186x229x44 cm. Incluye despensa, gabinete superior y bajo. Código: G200705Z. Montaje no incluido.",2025-11-18T16:18:36.462272
6017969,Cocina Integral Madesa 169cm Marrón/Negro Emilly Winter 08,Madesa,despensa,8999.0,13899.0,True,https://chedrauimx.vteximg.com.br/arquivos/ids/48757009/madesa0067891760866400_00.jpg?v=638836269036800000,https://www.chedraui.com.mxhttps://www.chedraui.com.mx/cocina-integral-madesa-169cm-marronnegro-emilly-winter-08-6017969/p,Chedraui,"Compacta en la medida justa para su ambiente. Conozca la cocina Emilly Winter de Madesa.Fabricada con materiales de calidad, tiene tiradores con detalles de aluminio y correderas y bisagras metálicas. Incluye un Gabinete Bajo de 105 cm con tres puertas y un cajón, una alacena de 105 cm con dos puertas corredizas de vidrio reflejante y un nicho en la parte inferior, un armario tipo despensa doble con cuatro puertas, todo separado, lo que permite montarlo según el espacio disponible",2025-11-18T16:18:36.462274
6017090,Organizadores para Refrigerador Brandtrendy Transparentes Apilables 10 piezas,Brandtrendy,despensa,599.0,999.0,True,https://chedrauimx.vteximg.com.br/arquivos/ids/48902723/BRANTRENDY1637502287469899_00.jpg?v=638839550793670000,https://www.chedraui.com.mxhttps://www.chedraui.com.mx/organizadores-para-refrigerador-brandtrendy-transparentes-apilables-10-piezas-6017090/p,Chedraui,"Organiza tu cocina con el Set Brandtrendy de 10 contenedores. Incluye 6 pequeños, 3 medianos y 1 grande, todos apilables y con tapa. Hechos de plástico libre de BPA, son perfectos para mantener tus alimentos frescos y ordenados. Fácil de limpiar y apto para refrigerador y despensa.",2025-11-18T16:18:36.462277
3674937,Paellera Navideña con Vino,Otras Marcas,despensa,826.2,972.0,True,https://chedrauimx.vteximg.com.br/arquivos/ids/58426840/7501108104131_00.jpg?v=638986047047830000,https://www.chedraui.com.mxhttps://www.chedraui.com.mx/paellera-navidena-con-vino-3674937/p,Chedraui,"Paellera Navideña con Vino
<div><br><b>Las imágenes del producto son únicamente de referencia, el diseño de etiquetas y el contenido (ml, L, Kg, g, piezas, etc) pueden cambiar y/o variar sin previo aviso.</b></div>",2025-11-18T16:18:36.462279
3881745,Desinfectante de Agua y Alimentos Selecto Brand 50ml,Selecto Brand,frutas-verduras,50.0,50.0,True,https://chedrauimx.vteximg.com.br/arquivos/ids/58725469/7501253686698_00.jpg?v=638990975478600000,https://www.chedraui.com.mxhttps://www.chedraui.com.mx/desinfectante-de-agua-y-alimentos-selecto-brand-50ml-3881745/p,Chedraui,"Desinfectante de Alimentos Selecto Brand Bactericida 50ml.<div><br><b>Las imágenes del producto son únicamente de referencia, el diseño de etiquetas y el contenido (ml, L, Kg, g, piezas, etc) pueden cambiar y/o variar sin previo aviso.</b></div>",2025-11-18T16:18:41.034783
6023418,Carrito Organizador Multiusos de 5 Niveles con Ruedas 360° para Cocina,Bossa,frutas-verduras,1199.0,2999.0,True,https://chedrauimx.vteximg.com.br/arquivos/ids/54902845/moboss3864718561220015_01.jpg?v=638938977578130000,https://www.chedraui.com.mxhttps://www.chedraui.com.mx/carrito-organizador-multiusos-de-5-niveles-con-ruedas-360-para-cocina-6023418/p,Chedraui,"Carrito organizador de 5 niveles con ruedas 360° y canastas giratorias para un almacenamiento práctico. Su estructura metálica ventilada es ideal para frutas, despensa o artículos del hogar.",2025-11-18T16:18:41.034794
3864490,Procesador de Alimentos Black+Decker 8 Tazas FP4342-0BDLA,Black & Decker,frutas-verduras,495.0,995.0,True,https://chedrauimx.vteximg.com.br/arquivos/ids/58267369/50875003330_00.jpg?v=638983387894830000,https://www.chedraui.com.mxhttps://www.chedraui.com.mx/procesador-de-alimentos-blackdecker-8-tazas-fp4342-0bdla-3864490/p,Chedraui,"Crea tus recetas favoritas con el procesador de alimentos de 8 tazas. Ensamblaje fácil- coloque y listo. Con sus 850 watts de potencia, puedes picar y hacer puré, mezclar, rallar y rebanar. Permite 2 velocidades + pulso y es apto para lavavajillas.",2025-11-18T16:18:41.034797
3717668,Desinfectante de Frutas y Verduras Biogerma 250 ml,Exgerm,frutas-verduras,59.0,59.0,True,https://chedrauimx.vteximg.com.br/arquivos/ids/57773559/7502283280665_00.jpg?v=638979106095700000,https://www.chedraui.com.mxhttps://www.chedraui.com.mx/desinfectante-de-frutas-y-verduras-biogerma-250-ml-3717668/p,Chedraui,"Biogerma Desinfectante de Frutas y Verduras te ayuda a proteger la alimentación de tu familia de forma eficaz al eliminar el 99.999% de bacterias comunes en frutas, verduras, carnes rojas, aves, pescados, mariscos, equipo y utensilios de cocina, de manera 100% natural.<div><br><b>Las imágenes del producto son únicamente de referencia, el diseño de etiquetas y el contenido (ml, L, Kg, g, piezas, etc) pueden cambiar y/o variar sin previo aviso.</b></div>",2025-11-18T16:18:41.034800
6016888,Procesador de Alimentos Aicok Eléctrico 1.2L Gris PA8103,Aicok,frutas-verduras,1099.0,1439.0,True,https://chedrauimx.vteximg.com.br/arquivos/ids/48335278/gadgetsone2457503016571272_00.jpg?v=638828496825400000,https://www.chedraui.com.mxhttps://www.chedraui.com.mx/procesador-de-alimentos-aicok-electrico-12l-gris-pa8103-6016888/p,Chedraui,"Procesador ideal para toda clase de alimentos. Podrás trabajar con toda clase de verduras, frutas, frutos secos y carnes. Equipado con motor de cobre puro reforzado de 300 W y 4 cuchillas desmontables de acero inoxidable.",2025-11-18T16:18:41.034803
6010991,Cocina de Juguete para Niños Roca Juguetes MJL-708,Roca Didacticos,frutas-verduras,1033.85,1033.85,True,https://chedrauimx.vteximg.com.br/arquivos/ids/44956592/rocadidacticos6562022022010053_00.jpg?v=638768144213430000,https://www.chedraui.com.mxhttps://www.chedraui.com.mx/cocina-de-juguete-para-ninos-roca-juguetes-mjl-708-6010991/p,Chedraui,"La cocina de juguete inteligente Kitchen Spray es una opción fantástica para estimular la imaginación y el juego de rol de los niños. Está construida con plástico de alta calidad, segura y duradera. Incluye 42 piezas como sartenes, platos, cubertería, frutas y verduras de juguete, y más.",2025-11-18T16:18:41.034806
3877161,Licuadora Jade Cook 8 Velocidades Tritan 1000 W,Jade Cook,frutas-verduras,2695.0,2695.0,True,https://chedrauimx.vteximg.com.br/arquivos/ids/58725499/7502321304483_00.jpg?v=638990975560500000,https://www.chedraui.com.mxhttps://www.chedraui.com.mx/licuadora-jade-cook-8-velocidades-tritan-1000-w-3877161/p,Chedraui,"Licuadora Jade Cook de 1000W con vaso tritan, 8 velocidades, panel touch y función de autolavado. Potencia, tecnología y estilo para tu cocina.",2025-11-18T16:18:41.034808
3709836,Cuchillo De Cocina Ekco 7 Plg Madera,Ekco,frutas-verduras,65.0,65.0,True,https://chedrauimx.vteximg.com.br/arquivos/ids/56523019/7501059996700_00.jpg?v=638962483024430000,https://www.chedraui.com.mxhttps://www.chedraui.com.mx/cuchillo-de-cocina-ekco-7-plg-madera-3709836/p,Chedraui,Cuchillo De Cocina Ekco 7 Plg Madera,2025-11-18T16:18:41.034811
3879066,Papel Higiénico Pétalo Balance Ultra Jumbo 400 Hojas Dobles 4 Rollos,Pétalo,higiene-personal,23.5,30.0,True,https://chedrauimx.vteximg.com.br/arquivos/ids/58068755/7506425662463_00.jpg?v=638980780820330000,https://www.chedraui.com.mxhttps://www.chedraui.com.mx/papel-higienico-petalo-balance-ultra-jumbo-400-hojas-dobles-4-rollos-3879066/p,Chedraui,"Papel higiénico con 4 rollos Ultra Jumbo de 400 hojas; rollos más grandes que te ofrecen mayor duración y rendimiento.<div><br><b>Las imágenes del producto son únicamente de referencia, el diseño de etiquetas y el contenido (ml, L, Kg, g, piezas, etc) pueden cambiar y/o variar sin previo aviso.</b></div>",2025-11-18T16:18:47.971790
3882717,Papel Higiénico Pétalo Húmedo Libre de Alcohol 30 Hojas,Pétalo,higiene-personal,20.0,20.0,True,https://chedrauimx.vteximg.com.br/arquivos/ids/56602395/7506425665372_00.jpg?v=638962656773330000,https://www.chedraui.com.mxhttps://www.chedraui.com.mx/papel-higienico-petalo-humedo-libre-de-alcohol-30-hojas-3882717/p,Chedraui,"Papel Higiénico Pétalo Húmedo Libre de Alcohol 30 Hojas.<div><br><b>Las imágenes del producto son únicamente de referencia, el diseño de etiquetas y el contenido (ml, L, Kg, g, piezas, etc) pueden cambiar y/o variar sin previo aviso.</b></div>",2025-11-18T16:18:47.971800
3882200,Jabón de Baño Caprice Explosión Frutal en Barra Remueve las Bacterias 100g,Palmolive,higiene-personal,12.0,12.0,True,https://chedrauimx.vteximg.com.br/arquivos/ids/57253119/7509546682952_00.jpg?v=638972956361800000,https://www.chedraui.com.mxhttps://www.chedraui.com.mx/jabon-de-bano-caprice-explosion-frutal-en-barra-remueve-las-bacterias-100g-3882200/p,Chedraui,"Experimenta la frescura y la limpieza con el Jabón de Baño Palmolive Caprice Explosión Frutal.<div><br><b>Las imágenes del producto son únicamente de referencia, el diseño de etiquetas y el contenido (ml, L, Kg, g, piezas, etc) pueden cambiar y/o variar sin previo aviso.</b></div>",2025-11-18T16:18:47.971803
3875215,Papel Higiénico Snow Soft Lavanda y Vainilla 12 Piezas,Snow Soft,higiene-personal,55.0,55.0,True,https://chedrauimx.vteximg.com.br/arquivos/ids/57251624/7503032922034_00.jpg?v=638972953402000000,https://www.chedraui.com.mxhttps://www.chedraui.com.mx/papel-higienico-snow-soft-lavanda-y-vainilla-12-piezas-3875215/p,Chedraui,"Papel Higiénico Snow Soft Lavanda y Vainilla 12 Piezas.<div><br><b>Las imágenes del producto son únicamente de referencia, el diseño de etiquetas y el contenido (ml, L, Kg, g, piezas, etc) pueden cambiar y/o variar sin previo aviso.</b></div>",2025-11-18T16:18:47.971805
3284038,Jabón Líquido para el Cuerpo Palmolive Neutro Balance Dermolimpiador 390ml,Palmolive,higiene-personal,59.5,59.5,True,https://chedrauimx.vteximg.com.br/arquivos/ids/57986589/7509546059563_00.jpg?v=638980590022400000,https://www.chedraui.com.mxhttps://www.chedraui.com.mx/jabon-liquido-para-el-cuerpo-palmolive-neutro-balance-dermolimpiador-390ml-3284038/p,Chedraui,"El jabón líquido para cuerpo Palmolive Neutro Balance dermolimpiador es ideal para el cuidado de la piel de tu familia, su fórmula con pH balanceado ayuda a mantener su humectación natural, mientras deja una sensación cremosa en tu cuerpo.<div><br><b>Las imágenes del producto son únicamente de referencia, el diseño de etiquetas y el contenido (ml, L, Kg, g, piezas, etc) pueden cambiar y/o variar sin previo aviso.</b></div>",2025-11-18T16:18:47.971807
3882715,Papel Higiénico Fancy 400 Hojas Dobles 4 Rollos,Fancy,higiene-personal,21.0,21.0,True,https://chedrauimx.vteximg.com.br/arquivos/ids/57253225/7506425662005_00.jpg?v=638972956616700000,https://www.chedraui.com.mxhttps://www.chedraui.com.mx/papel-higienico-fancy-400-hojas-dobles-4-rollos-3882715/p,Chedraui,"Papel Higiénico Floral Fancy Eco Kraf 4 Rollos.<div><br><b>Las imágenes del producto son únicamente de referencia, el diseño de etiquetas y el contenido (ml, L, Kg, g, piezas, etc) pueden cambiar y/o variar sin previo aviso.</b></div>",2025-11-18T16:18:47.971810
3880423,Kit Aqua Net Kids Hello Kitty para el Día de Muertos 200+400ml,Aqua Net,higiene-personal,98.0,150.0,True,https://chedrauimx.vteximg.com.br/arquivos/ids/57252959/7502251483555_00.jpg?v=638972955939330000,https://www.chedraui.com.mxhttps://www.chedraui.com.mx/kit-aqua-net-kids-hello-kitty-para-el-dia-de-muertos-200400ml-3880423/p,Chedraui,"Kit hair spray & bw Aqua Net 200+400ml.<div><br><b>Las imágenes del producto son únicamente de referencia, el diseño de etiquetas y el contenido (ml, L, Kg, g, piezas, etc) pueden cambiar y/o variar sin previo aviso.</b></div>",2025-11-18T16:18:47.971812
3871529,Jabón Líquido Corporal Palmolive Neutro Balance Dermoprotector +Colágeno 390ml,Palmolive,higiene-personal,65.0,65.0,True,https://chedrauimx.vteximg.com.br/arquivos/ids/57251248/7509546700458_00.jpg?v=638972952489600000,https://www.chedraui.com.mxhttps://www.chedraui.com.mx/jabon-liquido-corporal-palmolive-neutro-balance-dermoprotector-colageno-390ml-3871529/p,Chedraui,"El Jabón líquido corporal Neutro Balance Dermoprotector con colágeno, humecta y protege tu piel para mantenerla en balance, ideal para ti y tu familia.<div><br><b>Las imágenes del producto son únicamente de referencia, el diseño de etiquetas y el contenido (ml, L, Kg, g, piezas, etc) pueden cambiar y/o variar sin previo aviso.</b></div>",2025-11-18T16:18:47.971814
3874713,Cepillo Dental Colgate Total Whitening 2 Piezas,Colgate,higiene-personal,87.5,87.5,True,https://chedrauimx.vteximg.com.br/arquivos/ids/56884649/7509546693736_00.jpg?v=638966995219230000,https://www.chedraui.com.mxhttps://www.chedraui.com.mx/cepillo-dental-colgate-total-whitening-2-piezas-3874713/p,Chedraui,"¿Sabías que las bacterias son la principal causa de los problemas bucales? Colgate Total remueve las bacterias que se acumulan hasta en los lugares difíciles de limpiar; previniendo caries, placa dental, sarro dental, problemas de encías, entre otros.<div><br><b>Las imágenes del producto son únicamente de referencia, el diseño de etiquetas y el contenido (ml, L, Kg, g, piezas, etc) pueden cambiar y/o variar sin previo aviso.</b></div>",2025-11-18T16:18:47.971816
3881168,Kit Travel Essentials Negro 5 Piezas,Essential,higiene-personal,28.88,28.88,True,https://chedrauimx.vteximg.com.br/arquivos/ids/56291488/7501153852162_00.jpg?v=638960441949400000,https://www.chedraui.com.mxhttps://www.chedraui.com.mx/kit-travel-essentials-negro-5-piezas-3881168/p,Chedraui,"Kit Essentials Negro es perfecto para llevarlo a tu viaje y donde quiera que vayas por su practico tamaño. <div><br><b>Las imágenes del producto son únicamente de referencia, el diseño de etiquetas y el contenido (ml, L, Kg, g, piezas, etc) pueden cambiar y/o variar sin previo aviso.</b></div>",2025-11-18T16:18:47.971819
3881167,Kit Travel Essentials Rosa 4 de 90ml + 2 uds,Essential,higiene-personal,26.84,26.84,True,https://chedrauimx.vteximg.com.br/arquivos/ids/56291474/7501153852155_00.jpg?v=638960441913000000,https://www.chedraui.com.mxhttps://www.chedraui.com.mx/kit-travel-essentials-rosa-4-de-90ml--2-uds-3881167/p,Chedraui,"Kit Essentials Rosa tiene para ti este set de botellas para viaje. <div><br><b>Las imágenes del producto son únicamente de referencia, el diseño de etiquetas y el contenido (ml, L, Kg, g, piezas, etc) pueden cambiar y/o variar sin previo aviso. </b></div>",2025-11-18T16:18:47.971821
3880255,Pack jabones Nordiko Icy Blast 4x 100g c/u,Nordiko,higiene-personal,55.0,55.0,True,https://chedrauimx.vteximg.com.br/arquivos/ids/57252882/650240071782_00.jpg?v=638972955743200000,https://www.chedraui.com.mxhttps://www.chedraui.com.mx/pack-jabones-nordiko-icy-blast-4x-100g-cu-3880255/p,Chedraui,"Pack jabones Nordiko Icy Blast 4x 100g c/u.<div><br><b>Las imágenes del producto son únicamente de referencia, el diseño de etiquetas y el contenido (ml, L, Kg, g, piezas, etc) pueden cambiar y/o variar sin previo aviso.</b></div>",2025-11-18T16:18:47.971824
3880254,Pack Jabón Familiar Nordiko Original 4 x 100g c/u,Nordiko,higiene-personal,55.0,55.0,True,https://chedrauimx.vteximg.com.br/arquivos/ids/57252879/650240071768_00.jpg?v=638972955733670000,https://www.chedraui.com.mxhttps://www.chedraui.com.mx/pack-jabon-familiar-nordiko-original-4-x-100g-cu-3880254/p,Chedraui,"Pack Jabón Familiar Nordiko Original 4 x 100g c/u<div><br><b>Las imágenes del producto son únicamente de referencia, el diseño de etiquetas y el contenido (ml, L, Kg, g, piezas, etc) pueden cambiar y/o variar sin previo aviso.</b></div>",2025-11-18T16:18:47.971826
3863180,Toallas Intimas Benzal Cuidado Intimo 20 Unidades,Benzal,higiene-personal,106.0,106.0,True,https://chedrauimx.vteximg.com.br/arquivos/ids/58722914/7501080160477_00.jpg?v=638990968611870000,https://www.chedraui.com.mxhttps://www.chedraui.com.mx/toallas-intimas-benzal-cuidado-intimo-20-unidades-3863180/p,Chedraui,"Toallas Benzal 20 Piezas.<div><br><b>Las imágenes del producto son únicamente de referencia, el diseño de etiquetas y el contenido (ml, L, Kg, g, piezas, etc) pueden cambiar y/o variar sin previo aviso.</b></div>",2025-11-18T16:18:47.971828
6005337,Recortadora de Cuerpo para Dama Perry Ellis de Bolsillo Rosa PER-PL203PK,Perry Ellis,higiene-personal,759.0,799.0,True,https://chedrauimx.vteximg.com.br/arquivos/ids/46247534/810071491863_00.jpg?v=638788611321400000,https://www.chedraui.com.mxhttps://www.chedraui.com.mx/recortadora-de-cuerpo-para-dama-perry-ellis-de-bolsillo-rosa-per-pl203pk-6005337/p,Chedraui,"Esta recortadora de bolsillo es perfecta para las mujeres que buscan comodidad y estilo. Su diseño ligero y compacto la hace ideal para llevar en viajes, mientras que su funcionamiento inalámbrico y fácil uso garantizan un afeitado eficaz y conveniente en cualquier lugar",2025-11-18T16:18:47.971830
3881170,Kit Travel Sr Cosmetiquera Azul Varios Tamaños 5 Piezas,San Ro,higiene-personal,35.0,35.0,True,https://chedrauimx.vteximg.com.br/arquivos/ids/56291487/7501153852872_00.jpg?v=638960441945330000,https://www.chedraui.com.mxhttps://www.chedraui.com.mx/kit-travel-sr-cosmetiquera-azul-varios-tamanos-5-piezas-3881170/p,Chedraui,"Kit Travel SR tiene para ti una práctica bolsa de plástico azul con botellitas para tu viaje.<div><br><b>Las imágenes del producto son únicamente de referencia, el diseño de etiquetas y el contenido (ml, L, Kg, g, piezas, etc.) pueden cambiar y/o variar sin previo aviso.</b></div>",2025-11-18T16:18:47.971833
3881169,Kit Travel Sr Cosmetiquera Rosa Varios Tamaños  5 Piezas,San Ro,higiene-personal,35.0,35.0,True,https://chedrauimx.vteximg.com.br/arquivos/ids/56291482/7501153852858_00.jpg?v=638960441932370000,https://www.chedraui.com.mxhttps://www.chedraui.com.mx/kit-travel-sr-cosmetiquera-rosa-varios-tamanos-5-piezas-3881169/p,Chedraui,"Kit Travel SR tiene para ti una práctica bolsa rosa de plástico con botellitas para tu viaje. <div><br><b>Las imágenes del producto son únicamente de referencia, el diseño de etiquetas y el contenido (ml, L, Kg, g, piezas, etc.) pueden cambiar y/o variar sin previo aviso.</b></div>",2025-11-18T16:18:47.971835
3881166,Kit Travel Essentials Azul 4 de 90ml + 2 uds,Essential,higiene-personal,26.84,26.84,True,https://chedrauimx.vteximg.com.br/arquivos/ids/56291481/7501153852148_00.jpg?v=638960441928630000,https://www.chedraui.com.mxhttps://www.chedraui.com.mx/kit-travel-essentials-azul-4-de-90ml--2-uds-3881166/p,Chedraui,"Kit Essentials Azul accesorio perfecto para viajes. <div><br><b>Las imágenes del producto son únicamente de referencia, el diseño de etiquetas y el contenido (ml, L, Kg, g, piezas, etc) pueden cambiar y/o variar sin previo aviso. </b></div>",2025-11-18T16:18:47.971837
3881165,Kit Travel Essentials  2 De 90ml y 2 de 100ml Verde 4 Piezas,Essential,higiene-personal,26.84,26.84,True,https://chedrauimx.vteximg.com.br/arquivos/ids/56291473/7501153852131_00.jpg?v=638960441909270000,https://www.chedraui.com.mxhttps://www.chedraui.com.mx/kit-travel-essentials-2-de-90ml-y-2-de-100ml-verde-4-piezas-3881165/p,Chedraui,"Mini Essentials trae para ti este practico kit de botellas en materiales de alta resistencia y gran durabilidad. <div><br><b>Las imágenes del producto son únicamente de referencia, el diseño de etiquetas y el contenido (ml, L, Kg, g, piezas, etc) pueden cambiar y/o variar sin previo aviso. </b></div>",2025-11-18T16:18:47.971840
3881162,Kit Travel Essentials Combinado Morado  5 Piezas,Essential,higiene-personal,28.88,28.88,True,https://chedrauimx.vteximg.com.br/arquivos/ids/56291472/7501153852117_00.jpg?v=638960441903770000,https://www.chedraui.com.mxhttps://www.chedraui.com.mx/kit-travel-essentials-combinado-morado-5-piezas-3881162/p,Chedraui,"Travel Essentiasl tiene para ti este practico kit de botellas de viaje elaborado en plástico de alta resistencia y gran durabilidad. <div><br><b>Las imágenes del producto son únicamente de referencia, el diseño de etiquetas y el contenido (ml, L, Kg, g, piezas, etc) pueden cambiar y/o variar sin previo aviso. </b></div>",2025-11-18T16:18:47.971842
3877125,Desodorante Dove VitaminCare+ Rose & Raspberry Barra 73g,Dove,higiene-personal,139.0,139.0,True,https://chedrauimx.vteximg.com.br/arquivos/ids/57252591/79400509048_00.jpg?v=638972955015430000,https://www.chedraui.com.mxhttps://www.chedraui.com.mx/desodorante-dove-vitamincare-rose--raspberry-barra-73g-3877125/p,Chedraui,"Desodorante Dove VitaminCare+ Rose & Raspberry Barra 73g.<div><br><b>Las imágenes del producto son únicamente de referencia, el diseño de etiquetas y el contenido (ml, L, Kg, g, piezas, etc) pueden cambiar y/o variar sin previo aviso.</b></div>",2025-11-18T16:18:47.971844
3877097,Desodorante Antitranspirante en Aerosol Lady Speed Stick Active Fresh 113g,Speed Stick,higiene-personal,69.0,69.0,True,https://chedrauimx.vteximg.com.br/arquivos/ids/56597629/7509546650654_00.jpg?v=638962645763130000,https://www.chedraui.com.mxhttps://www.chedraui.com.mx/desodorante-antitranspirante-en-aerosol-lady-speed-stick-active-fresh-113g-3877097/p,Chedraui,"El desodorante para mujer  Lady Speed Stick Powder Fresh 0% alcohol te ofrece una protección confiable que regula el sudor, el mal olor en las axilas y con su nueva Tecnología Termo Activada que se activa al elevar la temperatura de tu piel..<div><br><b>Las imágenes del producto son únicamente de referencia, el diseño de etiquetas y el contenido (ml, L, Kg, g, piezas, etc) pueden cambiar y/o variar sin previo aviso.</b></div>",2025-11-18T16:18:47.971847
3868775,Set Loción London Royal Steel Caballero 2 Piezas,Royal,higiene-personal,168.0,168.0,True,https://chedrauimx.vteximg.com.br/arquivos/ids/58725809/7502258448847_00.jpg?v=638990976428100000,https://www.chedraui.com.mxhttps://www.chedraui.com.mx/set-locion-london-royal-steel-caballero-2-piezas-3868775/p,Chedraui,"Set Loción London Royal Steel Caballero 2 Piezas.<div><br><b>Las imágenes del producto son únicamente de referencia, el diseño de etiquetas y el contenido (ml, L, Kg, g, piezas, etc) pueden cambiar y/o variar sin previo aviso.</b></div>",2025-11-18T16:18:47.971849
3868773,Set Loción London Royal Ocean Caballero 2 Piezas,Royal,higiene-personal,168.0,168.0,True,https://chedrauimx.vteximg.com.br/arquivos/ids/58725826/7502258448854_00.jpg?v=638990976468870000,https://www.chedraui.com.mxhttps://www.chedraui.com.mx/set-locion-london-royal-ocean-caballero-2-piezas-3868773/p,Chedraui,"Set Loción London Royal Ocean Caballero 2 Piezas.<div><br><b>Las imágenes del producto son únicamente de referencia, el diseño de etiquetas y el contenido (ml, L, Kg, g, piezas, etc) pueden cambiar y/o variar sin previo aviso.</b></div>",2025-11-18T16:18:47.971851
3865475,Toallitas Húmedas Lactacyd Cuidado Íntimo 20 Piezas,Lactacyd,higiene-personal,55.0,55.0,True,https://chedrauimx.vteximg.com.br/arquivos/ids/58723283/7502250342471_00.jpg?v=638990969511470000,https://www.chedraui.com.mxhttps://www.chedraui.com.mx/toallitas-humedas-lactacyd-cuidado-intimo-20-piezas-3865475/p,Chedraui,"Toallitas Lactacyd Húmedas 20 Piezas.<div><br><b>Las imágenes del producto son únicamente de referencia, el diseño de etiquetas y el contenido (ml, L, Kg, g, piezas, etc) pueden cambiar y/o variar sin previo aviso.</b></div>",2025-11-18T16:18:47.971854
3848270,Papel Higiénico Regio Rinde + 12 Rollos más 1 rollo de Toallas de Papel,Regio,higiene-personal,104.0,104.0,True,https://chedrauimx.vteximg.com.br/arquivos/ids/57806596/7501036626941_00.jpg?v=638979183456570000,https://www.chedraui.com.mxhttps://www.chedraui.com.mx/papel-higienico-regio-rinde--12-rollos-mas-1-rollo-de-toallas-de-papel-3848270/p,Chedraui,"Papel Higiénico Regio Rinde + Nat 12 Rollos.<div><br><b>Las imágenes del producto son únicamente de referencia, el diseño de etiquetas y el contenido (ml, L, Kg, g, piezas, etc) pueden cambiar y/o variar sin previo aviso.</b></div>",2025-11-18T16:18:47.971856
3866438,Papel Higiénico Regio Expert 9 Rollos,Regio,higiene-personal,0.0,0.0,False,https://chedrauimx.vteximg.com.br/arquivos/ids/57814176/7501036627269_00.jpg?v=638979200798730000,https://www.chedraui.com.mxhttps://www.chedraui.com.mx/papel-higienico-regio-expert-9-rollos-3866438/p,Chedraui,"Papel Higiénico Regio Expert 9 Rollos.<div><br><b>Las imágenes del producto son únicamente de referencia, el diseño de etiquetas y el contenido (ml, L, Kg, g, piezas, etc) pueden cambiar y/o variar sin previo aviso.</b></div>",2025-11-18T16:18:47.971858
3708618,Espinacas Selecto Brand Congeladas 500g,Selecto Brand,congelados,36.5,36.5,True,https://chedrauimx.vteximg.com.br/arquivos/ids/57615041/7501253676712_00.jpg?v=638978708882000000,https://www.chedraui.com.mxhttps://www.chedraui.com.mx/espinacas-selecto-brand-congeladas-500g-3708618/p,Chedraui,"Espinacas Selecto Brand Congeladas 500g
<div><br><b>*Las imágenes del producto son únicamente de referencia, el diseños de etiquetas y el contenido (ml, L, Kg, g, piezas, etc) pueden cambiar y/o variar sin previo aviso.</b></div>",2025-11-18T16:18:51.257211
3666797,Ejotes Selecto Brand Congelados 500g,Selecto Brand,congelados,35.0,35.0,True,https://chedrauimx.vteximg.com.br/arquivos/ids/57642893/7501253673353_00.jpg?v=638978776163800000,https://www.chedraui.com.mxhttps://www.chedraui.com.mx/ejotes-selecto-brand-congelados-500g-3666797/p,Chedraui,"Ejotes Selecto Brand Congelados 500g
<div><br><b>*Las imágenes del producto son únicamente de referencia, el diseños de etiquetas y el contenido (ml, L, Kg, g, piezas, etc) pueden cambiar y/o variar sin previo aviso.</b></div>",2025-11-18T16:18:51.257221
3228554,Floretes de Brócoli Selecto Brand Congelados 500g,Selecto Brand,congelados,35.0,35.0,True,https://chedrauimx.vteximg.com.br/arquivos/ids/57637780/7501253650712_00.jpg?v=638978764946470000,https://www.chedraui.com.mxhttps://www.chedraui.com.mx/floretes-de-brocoli-selecto-brand-congelados-500g-3228554/p,Chedraui,"Floretes de Brócoli Selecto Brand Congelados 500g
<div><br><b>*Las imágenes del producto son únicamente de referencia, el diseños de etiquetas y el contenido (ml, L, Kg, g, piezas, etc) pueden cambiar y/o variar sin previo aviso.</b></div>",2025-11-18T16:18:51.257224
3666796,Chicharos Selecto Brand Congelados 500g,Selecto Brand,congelados,48.5,48.5,True,https://chedrauimx.vteximg.com.br/arquivos/ids/57642896/7501253673346_00.jpg?v=638978776175030000,https://www.chedraui.com.mxhttps://www.chedraui.com.mx/chicharos-selecto-brand-congelados-500g-3666796/p,Chedraui,"Chicharos Selecto Brand Congelados 500g
<div><br><b>*Las imágenes del producto son únicamente de referencia, el diseños de etiquetas y el contenido (ml, L, Kg, g, piezas, etc) pueden cambiar y/o variar sin previo aviso.</b></div>",2025-11-18T16:18:51.257227
3485320,Mango en Cubos Congelados Selecto 500g,Selecto Brand,congelados,56.0,56.0,True,https://chedrauimx.vteximg.com.br/arquivos/ids/57691725/7501253665785_00.jpg?v=638978903678670000,https://www.chedraui.com.mxhttps://www.chedraui.com.mx/mango-en-cubos-congelados-selecto-500g-3485320/p,Chedraui,"Cubos de mango listos para comer, solo falta abrir la bolsa para disfrutar su delicioso sabor. Puedes agregar el chile en polvo de tu preferencia si te gusta disfrutar esta combinación tan fascinante.
<div><br><b>*Las imágenes del producto son únicamente de referencia, el diseños de etiquetas y el contenido (ml, L, Kg, g, piezas, etc) pueden cambiar y/o variar sin previo aviso.</b></div>",2025-11-18T16:18:51.257229
3122007,Waffle Eggo Homestyle 349g,Kellogg's,congelados,89.0,89.0,True,https://chedrauimx.vteximg.com.br/arquivos/ids/57653442/38000226380_00.jpg?v=638978803443630000,https://www.chedraui.com.mxhttps://www.chedraui.com.mx/waffle-eggo-homestyle-349g-3122007/p,Chedraui,"Eggo waffle homestyle
<div><br><b>*Las imágenes del producto son únicamente de referencia, el diseños de etiquetas y el contenido (ml, L, Kg, g, piezas, etc) pueden cambiar y/o variar sin previo aviso.</b></div>",2025-11-18T16:18:51.257231
3228553,Granos de Elote Selecto Brand Congelados 500g,Selecto Brand,congelados,51.0,51.0,True,https://chedrauimx.vteximg.com.br/arquivos/ids/57706641/7501253650736_00.jpg?v=638978940224970000,https://www.chedraui.com.mxhttps://www.chedraui.com.mx/granos-de-elote-selecto-brand-congelados-500g-3228553/p,Chedraui,"Granos de Elote Selecto Brand Congelados 500g
<div><br><b>*Las imágenes del producto son únicamente de referencia, el diseños de etiquetas y el contenido (ml, L, Kg, g, piezas, etc) pueden cambiar y/o variar sin previo aviso.</b></div>",2025-11-18T16:18:51.257234
3101054,Chícharo La Huerta 500g,La Huerta,congelados,63.5,63.5,True,https://chedrauimx.vteximg.com.br/arquivos/ids/58424715/7501047902706_00.jpg?v=638986042017830000,https://www.chedraui.com.mxhttps://www.chedraui.com.mx/chicharo-la-huerta-500g-3101054/p,Chedraui,"Chícharo La Huerta 500g
<div><br><b>*Las imágenes del producto son únicamente de referencia, el diseños de etiquetas y el contenido (ml, L, Kg, g, piezas, etc) pueden cambiar y/o variar sin previo aviso.</b></div>",2025-11-18T16:18:51.257236
3101045,Ejote La Huerta 500g,La Huerta,congelados,47.0,47.0,True,https://chedrauimx.vteximg.com.br/arquivos/ids/58424710/7501047902560_00.jpg?v=638986042004300000,https://www.chedraui.com.mxhttps://www.chedraui.com.mx/ejote-la-huerta-500g-3101045/p,Chedraui,"Ejote La Huerta 500g
<div><br><b>*Las imágenes del producto son únicamente de referencia, el diseños de etiquetas y el contenido (ml, L, Kg, g, piezas, etc) pueden cambiar y/o variar sin previo aviso.</b></div>",2025-11-18T16:18:51.257238
3705397,Espárragos Vima Congelados 450g,Vima,congelados,118.0,118.0,True,https://chedrauimx.vteximg.com.br/arquivos/ids/58686381/8436017439090_00.jpg?v=638990881974930000,https://www.chedraui.com.mxhttps://www.chedraui.com.mx/esparragos-vima-congelados-450g-3705397/p,Chedraui,"Espárragos Verdes Congelados 450g.
<div><br><b>*Las imágenes del producto son únicamente de referencia, el diseños de etiquetas y el contenido (ml, L, Kg, g, piezas, etc) pueden cambiar y/o variar sin previo aviso.</b></div>",2025-11-18T16:18:51.257240
3664756,Paleta Helada Magnum Almendras 3x90ml,Magnum,congelados,109.0,119.0,True,https://chedrauimx.vteximg.com.br/arquivos/ids/57795017/7506306416048_00.jpg?v=638979156728970000,https://www.chedraui.com.mxhttps://www.chedraui.com.mx/paleta-helada-magnum-almendras-3x90ml-3664756/p,Chedraui,"Descubre la sublime combinación del helado sabor vainilla exquisitamente cubierto con chocolate y trocitos de almendras en nuestra Paleta Helada Magnum Almendras y déjate llevar por el placer indescriptible que se encuentra en cada bocado. <div><br><b>Las imágenes del producto son únicamente de referencia, el diseños de etiquetas y el contenido (ml, L, Kg, g, piezas, etc) pueden cambiar y/o variar sin previo aviso.</b></div>",2025-11-18T16:18:51.257244
3793480,Boneless Pilgrims Naturales 600 gr,Pilgrim's,congelados,175.0,175.0,True,https://chedrauimx.vteximg.com.br/arquivos/ids/57560836/7502004716091_00.jpg?v=638978005439500000,https://www.chedraui.com.mxhttps://www.chedraui.com.mx/boneless-pilgrims-naturales-600-gr-3793480/p,Chedraui,"Boneless Pilgrims Naturales 600 gr
<div><br><b>*Las imágenes del producto son únicamente de referencia, el diseños de etiquetas y el contenido (ml, L, Kg, g, piezas, etc) pueden cambiar y/o variar sin previo aviso.</b></div>",2025-11-18T16:18:51.257246
3736843,Waffles First Street MoraAzul 349 g,First Street,congelados,80.0,80.0,True,https://chedrauimx.vteximg.com.br/arquivos/ids/57841859/41512105067_00.jpg?v=638979563529670000,https://www.chedraui.com.mxhttps://www.chedraui.com.mx/waffles-first-street-moraazul-349-g-3736843/p,Chedraui,"Waffles First Street MoraAzul 349 g
<div><br><b>*Las imágenes del producto son únicamente de referencia, el diseños de etiquetas y el contenido (ml, L, Kg, g, piezas, etc) pueden cambiar y/o variar sin previo aviso.</b></div>",2025-11-18T16:18:51.257248
3736842,Waffles First Street Estilo Casero 350g,First Street,congelados,80.0,80.0,True,https://chedrauimx.vteximg.com.br/arquivos/ids/58708060/41512105043_00.jpg?v=638990936673370000,https://www.chedraui.com.mxhttps://www.chedraui.com.mx/waffles-first-street-estilo-casero-350g-3736842/p,Chedraui,"Waffles Estilo Casero con 10 piezas.
<div><br><b>*Las imágenes del producto son únicamente de referencia, el diseños de etiquetas y el contenido (ml, L, Kg, g, piezas, etc) pueden cambiar y/o variar sin previo aviso.</b></div>",2025-11-18T16:18:51.257250
3705422,Chícharo Vima Congelados 450g,Vima,congelados,55.0,55.0,True,https://chedrauimx.vteximg.com.br/arquivos/ids/57672571/8436017439076_00.jpg?v=638978853468730000,https://www.chedraui.com.mxhttps://www.chedraui.com.mx/chicharo-vima-congelados-450g-3705422/p,Chedraui,"Chícharo Vima Congelados 450g.
<div><br><b>*Las imágenes del producto son únicamente de referencia, el diseños de etiquetas y el contenido (ml, L, Kg, g, piezas, etc) pueden cambiar y/o variar sin previo aviso.</b></div>",2025-11-18T16:18:51.257253
3695154,Mezcla Primavera Selecto Brand Congelada 500g,Selecto Brand,congelados,45.5,45.5,True,https://chedrauimx.vteximg.com.br/arquivos/ids/57750674/7501253674572_00.jpg?v=638979050848170000,https://www.chedraui.com.mxhttps://www.chedraui.com.mx/mezcla-primavera-selecto-brand-congelada-500g-3695154/p,Chedraui,"Mezcla Primavera Selecto Brand Congelada 500g
<div><br><b>*Las imágenes del producto son únicamente de referencia, el diseños de etiquetas y el contenido (ml, L, Kg, g, piezas, etc) pueden cambiar y/o variar sin previo aviso.</b></div>",2025-11-18T16:18:51.257255
3759558,Waffles Eggo Homestyle Mini 309g,Eggo,congelados,98.0,115.5,True,https://chedrauimx.vteximg.com.br/arquivos/ids/57842494/38000017148_00.jpg?v=638979564985500000,https://www.chedraui.com.mxhttps://www.chedraui.com.mx/waffles-eggo-homestyle-mini-309g-3759558/p,Chedraui,"Waffles Mini con sabor a maple.
<div><br><b>*Las imágenes del producto son únicamente de referencia, el diseños de etiquetas y el contenido (ml, L, Kg, g, piezas, etc) pueden cambiar y/o variar sin previo aviso.</b></div>",2025-11-18T16:18:51.257257
3731291,Paleta Helada Magnum Chocolate Blanco y Almendras Multi Pack con 6 Piezas de 55ml,Magnum,congelados,175.0,192.0,True,https://chedrauimx.vteximg.com.br/arquivos/ids/57841704/7506306416901_00.jpg?v=638979563119830000,https://www.chedraui.com.mxhttps://www.chedraui.com.mx/paleta-helada-magnum-chocolate-blanco-y-almendras-multi-pack-con-6-piezas-de-55ml-3731291/p,Chedraui,"Descubre la sublime combinación del helado sabor vainilla exquisitamente cubierto con chocolate blanco y trocitos de almendras de nuestra Paleta Helada Magnum Mini Almendras Chocolate Blanco y déjate llevar por el placer de cada bocado. <div><br><b>Las imágenes del producto son únicamente de referencia, el diseños de etiquetas y el contenido (ml, L, Kg, g, piezas, etc) pueden cambiar y/o variar sin previo aviso.</b></div>",2025-11-18T16:18:51.257260
3705423,Ejote Cortado Vima Congelado 450g,Vima,congelados,40.5,40.5,True,https://chedrauimx.vteximg.com.br/arquivos/ids/57615394/8436017439069_00.jpg?v=638978709822730000,https://www.chedraui.com.mxhttps://www.chedraui.com.mx/ejote-cortado-vima-congelado-450g-3705423/p,Chedraui,"Ejote Cortado Vima Congelado 450 gr
<div><br><b>*Las imágenes del producto son únicamente de referencia, el diseños de etiquetas y el contenido (ml, L, Kg, g, piezas, etc) pueden cambiar y/o variar sin previo aviso.</b></div>",2025-11-18T16:18:51.257262
3130046,Waffle Eggo Buttermilk 349g,Kellogg's,congelados,108.0,108.0,True,https://chedrauimx.vteximg.com.br/arquivos/ids/57664667/38000402906_00.jpg?v=638978831792130000,https://www.chedraui.com.mxhttps://www.chedraui.com.mx/waffle-eggo-buttermilk-349g-3130046/p,Chedraui,"Eggo waffle buttermilk
<div><br><b>*Las imágenes del producto son únicamente de referencia, el diseños de etiquetas y el contenido (ml, L, Kg, g, piezas, etc) pueden cambiar y/o variar sin previo aviso.</b></div>",2025-11-18T16:18:51.257264
3128644,Waffle Eggo Mini Chocolate 349g,Kellogg's,congelados,109.0,109.0,True,https://chedrauimx.vteximg.com.br/arquivos/ids/57653768/38000405006_00.jpg?v=638978803832000000,https://www.chedraui.com.mxhttps://www.chedraui.com.mx/waffle-eggo-mini-chocolate-349g-3128644/p,Chedraui,"Eggo waffle mini chocolate
<div><br><b>*Las imágenes del producto son únicamente de referencia, el diseños de etiquetas y el contenido (ml, L, Kg, g, piezas, etc) pueden cambiar y/o variar sin previo aviso.</b></div>",2025-11-18T16:18:51.257266
3796133,Boneless Honey-BBQ Tyson 600g,Tyson,congelados,220.0,220.0,True,https://chedrauimx.vteximg.com.br/arquivos/ids/57844031/7501100699031_00.jpg?v=638979567994900000,https://www.chedraui.com.mxhttps://www.chedraui.com.mx/boneless-honey-bbq-tyson-600g-3796133/p,Chedraui,"Boneless Honey-BBQ Tyson 600g

<div><br><b>*Las imágenes del producto son únicamente de referencia, el diseños de etiquetas y el contenido (ml, L, Kg, g, piezas, etc) pueden cambiar y/o variar sin previo aviso.</b></div>",2025-11-18T16:18:51.257268
3826869,Pancakes First Street 12 Piezas,First Street,congelados,79.9,79.9,True,https://chedrauimx.vteximg.com.br/arquivos/ids/57796635/41512105104_00.jpg?v=638979160256130000,https://www.chedraui.com.mxhttps://www.chedraui.com.mx/pancakes-first-street-12-piezas-3826869/p,Chedraui,"Pancakes First Street 12 Piezas
<lt/>div<gt/><lt/>br<gt/><lt/>b<gt/>Las imágenes del producto son únicamente de referencia, el diseños de etiquetas y el contenido (ml, L, Kg, g, piezas, etc) pueden cambiar y/o variar sin previo aviso.<lt/>/b<gt/><lt/>/div<gt/>",2025-11-18T16:18:51.257271
3722713,Mochi Bubbies Triple Chocolate 210g,Bubbies Mochi,congelados,169.0,169.0,True,https://chedrauimx.vteximg.com.br/arquivos/ids/57750568/787325200840_00.jpg?v=638979050489600000,https://www.chedraui.com.mxhttps://www.chedraui.com.mx/mochi-bubbies-triple-chocolate-210g-3722713/p,Chedraui,"Mochi Bubbies Triple Chocolate 210g
<div><br><b>*Las imágenes del producto son únicamente de referencia, el diseños de etiquetas y el contenido (ml, L, Kg, g, piezas, etc) pueden cambiar y/o variar sin previo aviso.</b></div>",2025-11-18T16:18:51.257273
3432020,Muffins Originales de Trigo Entero Ezekiel Congelado 454g,Ezekiel,congelados,218.0,226.0,True,https://chedrauimx.vteximg.com.br/arquivos/ids/57654978/73472001196_00.jpg?v=638978807289030000,https://www.chedraui.com.mxhttps://www.chedraui.com.mx/muffins-originales-de-trigo-entero-ezekiel-congelado-454g-3432020/p,Chedraui,"Muffins originales de trigo entero  marca ezekiel (Food For Life) tipo congelado 454g
<div><br><b>*Las imágenes del producto son únicamente de referencia, el diseños de etiquetas y el contenido (ml, L, Kg, g, piezas, etc) pueden cambiar y/o variar sin previo aviso.</b></div>",2025-11-18T16:18:51.257275
3257817,Pechuga Tyson Boneless 600g,Tyson,congelados,229.0,229.0,True,https://chedrauimx.vteximg.com.br/arquivos/ids/57652707/7501100696849_00.jpg?v=638978801424630000,https://www.chedraui.com.mxhttps://www.chedraui.com.mx/pechuga-tyson-boneless-600g-3257817/p,Chedraui,"Trocitos de pechuga de pollo sabor buffalo, totalmente cocinados
<div><br><b>*Las imágenes del producto son únicamente de referencia, el diseños de etiquetas y el contenido (ml, L, Kg, g, piezas, etc) pueden cambiar y/o variar sin previo aviso.</b></div>",2025-11-18T16:18:51.257278
3839765,Cheesecake sabor Baileys Jon Donaire 1Kg,Productos Frescos,congelados,295.0,295.0,True,https://chedrauimx.vteximg.com.br/arquivos/ids/58062455/7501668619731_00.jpg?v=638980757411100000,https://www.chedraui.com.mxhttps://www.chedraui.com.mx/cheesecake-sabor-baileys-jon-donaire-1kg-3839765/p,Chedraui,"Cheesecake sabor Baileys Jon Donaire 1Kg
<lt/>div<gt/><lt/>br<gt/><lt/>b<gt/>Las imágenes del producto son únicamente de referencia, el diseños de etiquetas y el contenido (ml, L, Kg, g, piezas, etc) pueden cambiar y/o variar sin previo aviso.<lt/>/b<gt/><lt/>/div<gt/>",2025-11-18T16:18:51.257280
3835351,Pastel Selecto Brand sabor Chocolate 800g,Selecto Brand,congelados,240.0,240.0,True,https://chedrauimx.vteximg.com.br/arquivos/ids/58061210/7501253686483_00.jpg?v=638980754417730000,https://www.chedraui.com.mxhttps://www.chedraui.com.mx/pastel-selecto-brand-sabor-chocolate-800g-3835351/p,Chedraui,"Pastel Selecto Brand sabor Chocolate 800g
<lt/>div<gt/><lt/>br<gt/><lt/>b<gt/>Las imágenes del producto son únicamente de referencia, el diseños de etiquetas y el contenido (ml, L, Kg, g, piezas, etc) pueden cambiar y/o variar sin previo aviso.<lt/>/b<gt/><lt/>/div<gt/>",2025-11-18T16:18:51.257283
3835350,Pay de Queso con galleta sabor Chocolate Selecto Brand 750g,Selecto Brand,congelados,225.0,225.0,True,https://chedrauimx.vteximg.com.br/arquivos/ids/57849062/7501253686490_00.jpg?v=638979577525300000,https://www.chedraui.com.mxhttps://www.chedraui.com.mx/pay-de-queso-con-galleta-sabor-chocolate-selecto-brand-750g-3835350/p,Chedraui,"Pay de Queso con galleta sabor Chocolate Selecto Brand 750g
<lt/>div<gt/><lt/>br<gt/><lt/>b<gt/>Las imágenes del producto son únicamente de referencia, el diseños de etiquetas y el contenido (ml, L, Kg, g, piezas, etc) pueden cambiar y/o variar sin previo aviso.<lt/>/b<gt/><lt/>/div<gt/>",2025-11-18T16:18:51.257285
3798774,Paleta Nestlé Mix Chocolate 6 Piezas 318g,Nestlé,congelados,135.0,135.0,True,https://chedrauimx.vteximg.com.br/arquivos/ids/57780795/7506390202589_00.jpg?v=638979122810830000,https://www.chedraui.com.mxhttps://www.chedraui.com.mx/paleta-nestle-mix-chocolate-6-piezas-318g-3798774/p,Chedraui,"Paleta Nestlé Mix Chocolate 6 Piezas.
<div><br><b>*Las imágenes del producto son únicamente de referencia, el diseños de etiquetas y el contenido (ml, L, Kg, g, piezas, etc) pueden cambiar y/o variar sin previo aviso.</b></div>",2025-11-18T16:18:51.257287
3785605,Paleta Holanda Moonligth 90ml,Holanda,congelados,120.0,120.0,True,https://chedrauimx.vteximg.com.br/arquivos/ids/58050807/7506306417526_00.jpg?v=638980719623670000,https://www.chedraui.com.mxhttps://www.chedraui.com.mx/paleta-holanda-moonligth-90ml-3785605/p,Chedraui,"Paleta de grasa vegetal sabor palomitas y caramelo, cubierta de chocolate con leche y trozos de palomitas acarameladas, con 3 piezas.
<div><br><b>*Las imágenes del producto son únicamente de referencia, el diseños de etiquetas y el contenido (ml, L, Kg, g, piezas, etc) pueden cambiar y/o variar sin previo aviso.</b></div>",2025-11-18T16:18:51.257289
3764027,Pay Queso con Zarzamora Selecto 850g,Selecto Brand,congelados,225.0,225.0,True,https://chedrauimx.vteximg.com.br/arquivos/ids/57764566/7501253676736_00.jpg?v=638979084664730000,https://www.chedraui.com.mxhttps://www.chedraui.com.mx/pay-queso-con-zarzamora-selecto-850g-3764027/p,Chedraui,"Pay Queso con Zarzamora Selecto.
<div><br><b>*Las imágenes del producto son únicamente de referencia, el diseños de etiquetas y el contenido (ml, L, Kg, g, piezas, etc) pueden cambiar y/o variar sin previo aviso.</b></div>",2025-11-18T16:18:51.257292
3764026,Pay Limón Congelado Selecto 750g,Selecto Brand,congelados,210.0,210.0,True,https://chedrauimx.vteximg.com.br/arquivos/ids/57764564/7501253676729_00.jpg?v=638979084658170000,https://www.chedraui.com.mxhttps://www.chedraui.com.mx/pay-limon-congelado-selecto-750g-3764026/p,Chedraui,"Pay Limón Congelado Selecto.
<div><br><b>*Las imágenes del producto son únicamente de referencia, el diseños de etiquetas y el contenido (ml, L, Kg, g, piezas, etc) pueden cambiar y/o variar sin previo aviso.</b></div>",2025-11-18T16:18:51.257294
3722712,Mochi Bubbies Fruta de la Pasión 210g,Bubbies Mochi,congelados,169.0,169.0,True,https://chedrauimx.vteximg.com.br/arquivos/ids/57750562/787325200932_00.jpg?v=638979050472570000,https://www.chedraui.com.mxhttps://www.chedraui.com.mx/mochi-bubbies-fruta-de-la-pasion-210g-3722712/p,Chedraui,"Mochi Bubbies Fruta de la Pasión 210g
<div><br><b>*Las imágenes del producto son únicamente de referencia, el diseños de etiquetas y el contenido (ml, L, Kg, g, piezas, etc) pueden cambiar y/o variar sin previo aviso.</b></div>",2025-11-18T16:18:51.257296
3722711,Mochi Bubbies Mango 210g,Bubbies Mochi,congelados,169.0,169.0,True,https://chedrauimx.vteximg.com.br/arquivos/ids/57750584/787325200635_00.jpg?v=638979050550830000,https://www.chedraui.com.mxhttps://www.chedraui.com.mx/mochi-bubbies-mango-210g-3722711/p,Chedraui,"Mochi Bubbies Mango 210g
<div><br><b>*Las imágenes del producto son únicamente de referencia, el diseños de etiquetas y el contenido (ml, L, Kg, g, piezas, etc) pueden cambiar y/o variar sin previo aviso.</b></div>",2025-11-18T16:18:51.257298
3722710,Mochi Bubbies Fresa 210g,Bubbies Mochi,congelados,169.0,169.0,True,https://chedrauimx.vteximg.com.br/arquivos/ids/57750587/787325200734_00.jpg?v=638979050557700000,https://www.chedraui.com.mxhttps://www.chedraui.com.mx/mochi-bubbies-fresa-210g-3722710/p,Chedraui,"Mochi Bubbies Fresa 210g
<div><br><b>*Las imágenes del producto son únicamente de referencia, el diseños de etiquetas y el contenido (ml, L, Kg, g, piezas, etc) pueden cambiar y/o variar sin previo aviso.</b></div>",2025-11-18T16:18:51.257301
3705425,Granos de Elote Vima Congelados 450g,Vima,congelados,49.0,49.0,True,https://chedrauimx.vteximg.com.br/arquivos/ids/57672582/8436017439083_00.jpg?v=638978853498670000,https://www.chedraui.com.mxhttps://www.chedraui.com.mx/granos-de-elote-vima-congelados-450g-3705425/p,Chedraui,"Granos de Elote Dulce Congelados 450g.
<div><br><b>*Las imágenes del producto son únicamente de referencia, el diseños de etiquetas y el contenido (ml, L, Kg, g, piezas, etc) pueden cambiar y/o variar sin previo aviso.</b></div>",2025-11-18T16:18:51.257303
3677406,Panque de Orno con Zanahoria 320g,De Orno,congelados,109.0,109.0,True,https://chedrauimx.vteximg.com.br/arquivos/ids/58693145/7503030127042_00.jpg?v=638990899542070000,https://www.chedraui.com.mxhttps://www.chedraui.com.mx/panque-de-orno-con-zanahoria-320g-3677406/p,Chedraui,"Panque De Orno con Zanahoria 320g
<div><br><b>*Las imágenes del producto son únicamente de referencia, el diseños de etiquetas y el contenido (ml, L, Kg, g, piezas, etc) pueden cambiar y/o variar sin previo aviso.</b></div>",2025-11-18T16:18:51.257306
3677404,Panque de Orno con Elote 200g,De Orno,congelados,79.0,79.0,True,https://chedrauimx.vteximg.com.br/arquivos/ids/57660457/7503030127240_00.jpg?v=638978821541370000,https://www.chedraui.com.mxhttps://www.chedraui.com.mx/panque-de-orno-con-elote-200g-3677404/p,Chedraui,"Panque De Orno con Elote 200g
<div><br><b>*Las imágenes del producto son únicamente de referencia, el diseños de etiquetas y el contenido (ml, L, Kg, g, piezas, etc) pueden cambiar y/o variar sin previo aviso.</b></div>",2025-11-18T16:18:51.257308
3530279,Paleta Cometta SanMy grosella maracuyá 12 Piezas 60ml c/u,Sanmy,congelados,105.0,105.0,True,https://chedrauimx.vteximg.com.br/arquivos/ids/58433275/7502005510209_00.jpg?v=638986060786900000,https://www.chedraui.com.mxhttps://www.chedraui.com.mx/paleta-cometta-sanmy-grosella-maracuya-12-piezas-60ml-cu-3530279/p,Chedraui,"COMETTA paleta  helada de agua SanMy grosella multipack con 12 pzas.
<div><br><b>*Las imágenes del producto son únicamente de referencia, el diseños de etiquetas y el contenido (ml, L, Kg, g, piezas, etc) pueden cambiar y/o variar sin previo aviso.</b></div>",2025-11-18T16:18:51.257311
3530277,Paleta Kraion SanMy 12 Piezas 60 ml c/u,Sanmy,congelados,135.0,135.0,True,https://chedrauimx.vteximg.com.br/arquivos/ids/58433271/7502005511732_00.jpg?v=638986060776270000,https://www.chedraui.com.mxhttps://www.chedraui.com.mx/paleta-kraion-sanmy-12-piezas-60-ml-cu-3530277/p,Chedraui,"KRAION Paleta helada  SanMy sabor frambuesa .
<div><br><b>*Las imágenes del producto son únicamente de referencia, el diseños de etiquetas y el contenido (ml, L, Kg, g, piezas, etc) pueden cambiar y/o variar sin previo aviso.</b></div>",2025-11-18T16:18:51.257313
3334302,Muffins Thomas Natural 340g,Thomas,congelados,62.0,62.0,True,https://chedrauimx.vteximg.com.br/arquivos/ids/57730859/48121102081_00.jpg?v=638979003227900000,https://www.chedraui.com.mxhttps://www.chedraui.com.mx/muffins-thomas-natural-340g-3334302/p,Chedraui,"Pan Premium de estilo de ingles con una textura única, que es crujiente por fuera y suaves por dentro
<div><br><b>*Las imágenes del producto son únicamente de referencia, el diseños de etiquetas y el contenido (ml, L, Kg, g, piezas, etc) pueden cambiar y/o variar sin previo aviso.</b></div>",2025-11-18T16:18:51.257315
3278774,Paleta SanMy Máxima Chocolate Nuez 3 Paletas de 120ml c/u,Sanmy,congelados,102.0,102.0,True,https://chedrauimx.vteximg.com.br/arquivos/ids/57731532/7502005513453_00.jpg?v=638979005158700000,https://www.chedraui.com.mxhttps://www.chedraui.com.mx/paleta-sanmy-maxima-chocolate-nuez-3-paletas-de-120ml-cu-3278774/p,Chedraui,"MAXIMA Paleta de crema  de leche sabor nuez  con chocolate y nuez multipack 3 pzas.
<div><br><b>*Las imágenes del producto son únicamente de referencia, el diseños de etiquetas y el contenido (ml, L, Kg, g, piezas, etc) pueden cambiar y/o variar sin previo aviso.</b></div>",2025-11-18T16:18:51.257317
3130047,Waffle Eggo Blueberry 349g,Kellogg's,congelados,108.0,108.0,True,https://chedrauimx.vteximg.com.br/arquivos/ids/58691910/38000403200_00.jpg?v=638990896180800000,https://www.chedraui.com.mxhttps://www.chedraui.com.mx/waffle-eggo-blueberry-349g-3130047/p,Chedraui,"Eggo waffle blueberry
<div><br><b>*Las imágenes del producto son únicamente de referencia, el diseños de etiquetas y el contenido (ml, L, Kg, g, piezas, etc) pueden cambiar y/o variar sin previo aviso.</b></div>",2025-11-18T16:18:51.257320
3105407,Paleta Magnum Clásica Vainilla 90ml,Magnum,congelados,39.0,45.0,True,https://chedrauimx.vteximg.com.br/arquivos/ids/58709150/7506306415799_00.jpg?v=638990939662130000,https://www.chedraui.com.mxhttps://www.chedraui.com.mx/paleta-magnum-clasica-vainilla-90ml-3105407/p,Chedraui,"Descubre la sublime combinación del helado sabor vainilla exquisitamente cubierto con chocolate en nuestra Paleta Helada Magnum Clásica y sumérgete en un mundo de sabores y texturas irresistibles mientras disfrutas de su placer indescriptible. <div><br><b>Las imágenes del producto son únicamente de referencia, el diseños de etiquetas y el contenido (ml, L, Kg, g, piezas, etc) pueden cambiar y/o variar sin previo aviso.</b></div>",2025-11-18T16:18:51.257322
3105406,Paleta Helada Magnum Almendras 90ml,Magnum,congelados,41.0,42.0,True,https://chedrauimx.vteximg.com.br/arquivos/ids/58709159/7506306415775_00.jpg?v=638990939684170000,https://www.chedraui.com.mxhttps://www.chedraui.com.mx/paleta-helada-magnum-almendras-90ml-3105406/p,Chedraui,"Descubre la sublime combinación del helado sabor vainilla exquisitamente cubierto con chocolate y trocitos de almendras en nuestra Paleta Helada Magnum Almendras y sumérgete en el placer indescriptible que proporciona cada bocado. <div><br><b>Las imágenes del producto son únicamente de referencia, el diseños de etiquetas y el contenido (ml, L, Kg, g, piezas, etc) pueden cambiar y/o variar sin previo aviso.</b></div>",2025-11-18T16:18:51.257324
3101112,English Muffins New York Deli 368g,New York,congelados,76.0,76.0,True,https://chedrauimx.vteximg.com.br/arquivos/ids/57654606/7501290102007_00.jpg?v=638978806222400000,https://www.chedraui.com.mxhttps://www.chedraui.com.mx/english-muffins-new-york-deli-368g-3101112/p,Chedraui,"Bisquets New York Deli 368g
<div><br><b>*Las imágenes del producto son únicamente de referencia, el diseños de etiquetas y el contenido (ml, L, Kg, g, piezas, etc) pueden cambiar y/o variar sin previo aviso.</b></div>",2025-11-18T16:18:51.257327
3785331,Paleta Holanda Mini Almendra 385ml,Holanda,congelados,120.0,120.0,False,https://chedrauimx.vteximg.com.br/arquivos/ids/57773827/7506306416987_00.jpg?v=638979106744370000,https://www.chedraui.com.mxhttps://www.chedraui.com.mx/paleta-holanda-mini-almendra-385ml-3785331/p,Chedraui,"Paleta de grasa vegetal sabor vainilla cubierta de chocolate con leche y almendra, con 7 piezas.
<div><br><b>*Las imágenes del producto son únicamente de referencia, el diseños de etiquetas y el contenido (ml, L, Kg, g, piezas, etc) pueden cambiar y/o variar sin previo aviso.</b></div>",2025-11-18T16:18:51.257329
